k-mer,Next Nucleotide,Frequency
TGAT,C,4
CTCT,T,9
TGTA,G,13
GATC,T,8
TGTT,C,10
CTCT,A,9
AAAC,G,5
GAAC,T,12
TTTA,A,26
AAAT,C,13
CTGT,G,7
GTGG,C,8
CTGT,C,4
CACT,C,5
CGGC,T,2
TGCA,T,5
TGCT,T,19
TAGT,G,8
GCAC,T,9
TCAC,G,1
GCAG,T,9
TATA,A,13
ATTA,A,15
ATAA,C,11
CTAA,T,10
TTAC,T,19
TGTC,G,6
GTTG,A,17
ACAG,G,8
GACA,C,12
CGAG,T,1
TAAC,T,10
TCGT,C,2
CTAT,C,7
CTTC,T,13
TGCA,G,7
GGCT,G,4
GCTT,A,9
ACGG,T,4
TTTC,G,4
GTCC,G,2
GTGT,T,21
GCCG,A,1
ATCA,T,7
TCAG,C,7
CACA,T,9
TCTA,G,3
GGTT,T,15
TTGT,C,15
CCGG,G,2
GTGT,G,7
GACC,G,2
GAAA,G,5
GGTA,A,15
AGAT,G,19
GGAG,A,3
AGCC,T,8
CCCT,G,3
TCAA,C,11
CGAG,A,1
AAAA,C,15
CACA,C,7
CGTC,C,1
CAAC,T,20
TCAG,T,10
TTTG,C,14
CCTG,T,4
TTTT,A,25
GTTT,G,14
GCGA,C,1
CGTG,C,7
CTCG,T,3
TACG,T,2
TGGC,T,11
TTTG,G,10
GAGA,C,4
CTCC,G,2
GTGG,A,7
AGGA,G,13
GGTC,T,2
TTAT,C,5
CAGA,G,8
GGCA,C,9
CGTC,A,2
AACA,T,11
TCTT,A,17
AAAG,A,20
ATGG,C,10
CACT,T,19
TGTG,G,13
AGTA,G,9
GAAG,T,10
TTGA,A,15
AAAA,G,13
GGCG,T,4
TTTT,G,19
GCCT,C,5
ACAG,C,5
CCCT,A,7
ATGT,G,12
GTTC,A,11
ATCA,A,9
AACG,T,5
TTCG,G,2
GATG,C,9
CTCG,A,3
AACT,G,20
GCAC,C,13
CTCA,T,7
TGGT,C,5
CATG,T,13
TTAT,G,28
GGTT,G,11
GAGC,T,4
TGGT,A,18
AGCA,G,4
TCGA,A,2
AGGC,A,4
ATTC,A,12
AGTA,C,8
CGGT,C,1
CGTA,G,3
GTGG,T,14
TGAG,A,4
ACAC,T,16
TTGG,T,20
TGTC,C,7
CTTG,T,20
TCCC,T,4
TCAT,G,10
GTGG,G,4
GCGA,A,4
AATA,C,5
CCAG,T,8
TTAC,C,8
CGCA,A,4
AGGT,T,10
TCTT,C,8
CTTC,G,2
GTAA,G,5
GAAC,G,4
ATAA,A,15
GCTG,G,7
CCAT,A,6
AGGT,A,8
ACGG,C,3
CGCC,G,1
TAAA,G,13
GTCA,T,8
TTTG,A,16
ACTT,A,18
AGGC,G,1
GACG,A,2
AGCT,T,13
TGGC,A,8
ACTG,A,11
ATCC,T,6
GAAG,A,15
ATTT,T,28
TCAA,G,15
GAAA,A,12
ACTG,G,9
GAAC,A,11
ACTA,A,10
TAGC,A,6
AGTG,G,6
TACC,C,4
CGTG,A,3
AACT,C,11
CATG,C,10
TAAC,G,3
GGAG,G,2
GGGC,A,3
ATAC,A,12
ACTC,G,2
GCTA,T,11
GATA,A,12
ACAA,C,23
GCCC,T,1
TGAT,G,31
GGCT,A,10
ACCC,T,5
TCTT,G,12
GAGT,G,11
GCAT,T,11
GACC,T,4
TTCT,A,10
AGCA,C,7
CTGG,T,16
GCTT,C,7
CCGA,A,1
CTGG,A,6
ACTT,T,16
TATT,G,16
CTAA,G,4
GAGG,G,5
GGTG,T,15
TATA,C,8
CTGC,T,23
TGCC,G,4
GTGA,A,10
ACAT,G,10
GAGC,A,2
ATGA,A,13
AATT,G,18
GCTT,G,9
GGTA,C,7
CACG,G,2
GTTC,T,8
TGAA,A,14
AAGA,G,16
TGAA,T,13
TTGC,A,14
AGAC,A,11
ACCT,T,12
AAAT,T,31
TAAA,T,19
TTGG,C,12
CAAA,G,12
GAAA,T,11
ACAC,C,11
CTTC,A,11
AATG,G,14
GGGA,A,1
ATGT,C,12
CCAA,A,6
TGTA,T,11
TTTC,C,9
CCTT,A,4
TCCA,T,6
TAAT,C,8
CAAG,A,12
ACTA,T,10
TTCA,A,15
ACCA,A,7
AGGG,T,8
AAAA,A,12
GGCT,T,7
GGGT,A,4
AGAA,T,17
TTCG,A,1
ATCT,G,7
GTCT,A,7
ATCC,A,7
AGTT,G,12
GCGT,C,3
CACC,A,8
AAAT,G,21
GAAT,G,8
GCAA,C,7
GCCT,T,7
ACTC,T,10
TGTG,A,13
TTGT,G,14
GGTG,A,9
AAAC,T,8
TTCA,T,12
AGAC,G,5
GGGC,G,1
GATT,T,12
TTGT,T,23
GCCA,C,6
CTTG,C,10
CGAA,T,3
CACT,G,13
GAGA,A,10
ATTT,G,13
GACT,A,4
AAGG,T,12
TGCC,A,9
ACTA,C,15
TGGT,T,21
TACT,T,24
AATG,C,9
CTGT,T,22
TGTT,A,30
AAAA,T,19
TTTA,T,21
CCAG,C,5
TCAC,A,9
AATT,C,15
CAGA,A,13
GGAC,C,3
CTGA,G,7
GCAT,A,5
AGTC,T,12
TTGC,C,12
TACC,A,13
ATAA,T,13
TCTG,G,3
ACCA,T,9
TTCT,T,25
TCGT,A,3
AAGG,G,4
TCGC,A,5
CTTT,G,14
GCTG,T,11
TGTG,T,19
TTCT,C,5
CTTA,T,17
TGTT,G,20
GCCA,T,5
TAAC,A,19
AAGT,G,18
GTGC,C,6
CTAT,T,15
TGGG,T,3
TTCC,A,4
ACGT,G,5
GCTA,G,7
GCGC,T,2
ATAG,G,4
GTTG,T,22
TAAC,C,4
CATA,C,10
CAGG,T,7
GTTG,G,9
TCCG,A,3
AATG,A,18
CCTT,C,5
CTTG,A,6
AAAT,A,11
ACTT,C,11
CAAA,A,21
GTCA,A,7
ACAT,C,8
CAAT,A,13
ATTG,T,14
TGAC,T,15
AACT,T,23
TAAT,G,19
AGAT,C,6
CGCC,A,3
ATTA,T,19
GGCA,T,6
TCTT,T,13
TTTC,T,27
TCCA,C,4
CAAG,T,4
TTTG,T,17
TGGA,A,15
GATT,A,9
AGCA,T,4
AACA,A,23
AATC,C,7
GTTA,C,16
AGGA,A,6
AAAG,C,8
CTAA,A,19
GGTG,C,8
CCTG,G,3
GAAT,A,7
ATTG,G,11
ACAG,A,11
AGTC,C,2
ATCA,G,10
GAGG,C,2
TCGT,G,5
TACG,A,3
TCTC,C,3
CCGC,A,4
GCTC,A,4
TTCT,G,11
GTGC,G,1
TTTA,C,19
AGGC,C,1
CGCT,A,3
ACTA,G,8
GATG,G,9
GAAT,T,8
TTCA,C,11
CAGT,A,5
AGAC,T,11
TCAT,T,8
CTGA,T,8
GCTA,C,7
CTAA,C,7
CAAT,C,8
CTAG,T,9
TTGT,A,14
GCCT,A,5
ACAT,T,22
TACA,G,14
GGTG,G,6
CAGT,T,9
TTCG,C,3
CAGT,G,6
AACT,A,10
ACTG,T,11
TCAA,A,18
ACCC,G,2
GTCC,T,2
TTGA,T,20
AGGT,G,9
GTAG,A,10
AGTT,T,17
AGAG,A,12
TTGG,G,4
TCTC,A,11
AACC,T,11
TGTG,C,12
TCGG,T,3
TGGA,C,11
CAAA,T,10
CACC,T,11
GGAA,A,9
ATTC,T,21
TGTA,A,10
AATA,A,12
AATT,T,16
GCTT,T,16
TGCT,G,26
GACT,C,5
CATT,A,10
AGCT,A,11
TTAA,A,16
ATTT,A,17
GAAA,C,7
CATT,T,13
TGTC,A,12
ACGC,A,5
ACTC,A,11
AAAG,G,6
GGAT,T,4
TGTA,C,15
TCCA,G,1
AGAA,A,23
ATGC,C,9
GCCC,C,2
CTTA,G,3
AACA,C,16
CTTC,C,6
CCAC,A,7
AGAA,G,10
AGAG,G,4
TGAT,T,11
TTAC,A,22
AACC,A,9
ATTA,G,10
TACT,A,16
AGTG,A,8
AAGC,T,10
GAAG,C,7
CTCC,A,5
GTAC,A,11
ACCA,G,5
GTAT,T,9
GGGC,T,2
GTTG,C,8
AAAG,T,13
TACT,G,12
CCTT,G,7
TATG,A,24
ATGG,T,13
AAAC,A,18
CTCA,A,10
AAGG,C,3
CGGT,G,5
CAAC,A,22
CTTT,T,24
TGGT,G,17
GATG,A,11
ATAG,A,11
GCAA,G,6
GGTT,A,6
ACAA,G,11
ATAT,C,5
TGAT,A,10
AGTG,C,9
CTCT,G,2
TGAG,T,9
CAGA,T,9
TAAA,A,25
AGTA,T,5
TCTG,A,6
AATT,A,23
ATTG,A,3
GGAG,T,5
TATG,G,13
CTAC,T,12
TTAT,T,17
GTGA,G,2
GTTT,A,19
CATA,T,5
CCCT,C,3
CCAG,A,8
ATGA,G,5
GGAT,G,4
AAGA,A,17
GATT,G,7
TGAG,C,4
CCAT,C,7
TCAA,T,8
AAGA,T,12
TAAA,C,16
CCTT,T,10
CCAC,T,2
GCTG,C,10
CCTG,A,1
AGAG,C,5
AGAT,T,10
TAGA,T,11
GATA,G,3
ACAA,A,22
GAGG,A,5
ACAA,T,22
TCAG,A,13
TATT,C,10
CAAA,C,14
CAAT,T,15
GAGG,T,8
ACCT,C,2
TAGA,G,7
TTCA,G,9
TTAG,T,10
TATT,T,14
TACA,T,9
GCAG,A,8
ACAG,T,7
CAGC,C,4
CAAT,G,16
CATG,G,11
CAGG,A,7
ATAA,G,5
ATGC,A,12
AAGT,T,15
ATGA,T,12
ATAG,C,4
TAGT,T,13
AAGC,G,2
GGAC,A,9
GCTA,A,9
ATGT,T,14
GGCC,C,1
TGAA,G,20
GACA,T,16
CTTA,A,5
AGAG,T,13
AATC,A,9
CGAA,G,3
TGCA,C,8
CCAT,T,5
TATT,A,15
CTGA,C,7
GATA,C,6
TTAG,C,7
TCTC,T,9
ACTT,G,11
GTTT,C,9
CAAG,C,8
TTGG,A,13
ATCG,C,1
GATT,C,4
CCTA,A,7
GGAA,G,4
GTTA,A,12
AGCC,A,5
CTGA,A,8
AAGT,A,8
AAAC,C,8
TAAG,A,6
TCCT,C,3
CACA,G,9
CTTT,A,10
ATAT,T,8
TGAC,A,22
TCTG,C,4
GTTA,G,5
GTGA,C,6
CATT,G,9
TCAC,T,7
GCTC,C,1
TATA,G,9
GTGA,T,12
GGGT,G,5
GTTT,T,18
TTAT,A,10
ACCT,A,11
TGCT,A,21
AGCG,A,1
AACA,G,13
GACA,A,9
ACCA,C,14
CTTA,C,13
CCCG,G,1
GGTC,A,3
GGCA,A,5
AAGA,C,6
AGTG,T,10
ATCT,A,14
AGCA,A,6
CTTG,G,5
TTGC,G,4
GCCT,G,4
GTCT,G,9
AAGC,C,4
CATA,G,3
CAGC,G,3
GTAA,A,8
ATAT,A,5
CTAG,A,8
AGTA,A,9
GTAG,C,7
ACAC,A,13
AACG,A,4
ATGT,A,10
AGCT,G,10
GCTC,G,1
GGTA,T,9
CTCT,C,4
CAGC,T,10
TCAC,C,5
GTAT,A,8
GTTA,T,10
CTCA,C,2
TTCC,T,10
TCCT,A,5
CTAC,A,17
CTAG,G,3
TTAA,G,16
GAGA,G,3
ATTA,C,14
CACT,A,10
CCTA,G,3
AGTT,A,11
ATCA,C,4
AATC,T,6
ACAC,G,2
ATAT,G,8
GGTC,C,5
ATGG,A,8
GATG,T,9
TCAT,A,7
TATG,T,12
ATGA,C,7
CTAC,G,1
TGAG,G,2
TTGA,G,3
GTAC,T,13
GATC,C,3
TTTT,C,10
CTGG,G,2
GTAG,G,4
CAGC,A,8
ATAC,C,6
GGCA,G,2
TATC,T,7
AATA,G,8
GAGT,T,7
TGCT,C,11
AGGG,C,8
CCTA,C,8
CTGT,A,9
TTAG,A,9
GCCA,A,6
GCAA,A,7
GTCT,T,13
TGAA,C,7
CGTG,G,4
CAGA,C,9
CAAC,C,6
GTGT,A,8
ATGG,G,4
GCAC,A,6
AGAT,A,6
CGTG,T,7
TACA,A,18
GTCA,C,6
CCTG,C,3
CTCA,G,7
GTAT,G,7
GCAT,G,1
TACA,C,10
TAAT,T,20
ACAT,A,8
TAGA,C,8
AAGT,C,7
CCTC,A,8
CGGA,T,1
TGTT,T,22
CACA,A,12
TGGA,T,11
TTGA,C,9
CCAA,T,8
GTAC,C,3
CCAA,C,6
CGAT,A,2
TAAT,A,8
ACCT,G,8
TTTT,T,22
CACC,C,3
CATA,A,9
CACG,T,3
CGTT,G,3
CGTT,T,5
GTCA,G,4
ACGC,G,1
GCAG,G,5
GGAA,T,6
GTCT,C,4
GTAG,T,13
ACGT,T,1
GTAA,T,8
CTAC,C,3
TAGG,A,2
GGCC,A,4
GTGT,C,6
CCCT,T,3
TGGG,A,5
ATAC,T,7
CATC,T,10
TATG,C,12
CCGA,C,1
AGGC,T,10
TAAG,T,5
TGCC,T,8
TAGG,T,4
TTAA,T,17
TCTA,C,10
ACCG,C,2
TTTA,G,10
AATG,T,16
TCTA,A,9
TGTC,T,14
CCTA,T,6
TCCT,T,5
TAGA,A,10
ATTT,C,10
GGGA,T,3
ACTG,C,2
TATA,T,4
TTTC,A,9
CTGC,A,6
CGAT,T,4
CATC,A,11
CGTA,A,6
GAGT,C,1
TCTA,T,7
TAGT,A,4
TGCG,A,2
AGAC,C,4
CATC,G,2
ATAG,T,7
GGTT,C,4
GAAT,C,6
TGCA,A,11
CAGT,C,4
CTAT,A,13
TCAG,G,3
CGGA,A,1
ATGC,T,10
TTAC,G,4
ATAC,G,1
TCAT,C,8
TCGG,C,2
CAAG,G,8
GGCG,A,1
CCGT,G,4
CGCG,T,2
ATGC,G,4
ACGA,A,4
ACGT,A,4
GTGC,A,4
AAGC,A,5
AGCG,T,3
GGTA,G,4
TGCC,C,3
CGCA,C,2
GACT,T,9
TACG,C,3
GTGC,T,13
GGCT,C,2
GCAC,G,2
CCAG,G,8
TAGC,T,12
ATCG,T,2
AGTC,A,5
CATT,C,6
TCTG,T,5
TACC,T,9
GTAT,C,1
GCGT,A,3
GGAG,C,2
GGAT,A,3
CTAG,C,3
TCTC,G,2
ATCT,C,5
TTCC,C,4
GGGT,T,7
GTAA,C,8
AACG,G,2
TCCA,A,8
CCTC,T,3
GATA,T,6
TACT,C,6
CTAT,G,10
GTTC,G,1
GACA,G,3
AGTT,C,3
CTGG,C,7
ACGG,A,1
ACGC,T,2
TGGA,G,4
ATCG,A,1
GAAC,C,6
AGGA,C,4
GCCG,T,1
GTCC,A,3
ATTG,C,6
AATA,T,8
GCAT,C,2
AGAA,C,2
TGGG,C,1
TTAG,G,6
CAGG,G,4
ACTC,C,4
CCAC,C,4
CCAA,G,7
TATC,A,9
TAGC,C,3
TTGC,T,13
CAGG,C,4
CAAC,G,2
GATC,A,3
ACCC,A,7
TAAG,G,4
TAGT,C,3
CGAC,A,3
CTGC,C,5
CGGT,A,2
GGGA,G,3
AGGA,T,4
GTAC,G,4
GGGG,A,1
CACC,G,3
GGAT,C,1
CCGT,C,1
CTGC,G,2
GCTG,A,4
TCGT,T,4
GCCC,G,2
GCGG,C,1
ATTC,C,2
GTCG,C,2
GGAC,G,1
ACGT,C,3
CGTC,T,2
GACT,G,3
CGAA,A,1
TCCT,G,4
TTAA,C,7
GACC,A,4
TGAC,C,8
CGTT,A,3
CCCA,A,3
AAGG,A,6
GACC,C,3
CACG,C,1
CGAT,G,1
TGGG,G,1
CATC,C,3
CTCG,C,2
AGCC,G,1
ACCG,T,1
GCGG,T,1
TGAC,G,1
CCCA,G,3
TAGG,G,2
GGCC,G,2
CCCA,C,1
CGAC,C,1
ATCC,G,2
GCAA,T,4
TAGC,G,1
CTTT,C,5
AACC,G,1
TATC,G,1
GAGT,A,4
CCGA,G,1
AGCT,C,2
GAAG,G,5
TGGC,C,3
GCCA,G,5
TGGC,G,2
TCGG,A,4
TAAG,C,3
GCGT,G,1
TAGG,C,1
CCAC,G,3
CGCG,A,2
TCGA,T,3
CGCC,T,1
GGAC,T,6
GAGC,G,1
TCCG,T,1
TATC,C,2
TGCG,G,1
GGGA,C,3
GAGA,T,3
AGGT,C,1
ATCC,C,1
ACGG,G,1
ACGA,C,1
TTCC,G,1
CCCC,T,2
AGGG,G,1
CGAA,C,1
GTTC,C,2
ACGC,C,2
CTCC,C,1
ATCT,T,4
GGAA,C,3
CGCT,C,1
TGCG,T,3
GTCC,C,2
GGGG,C,2
ATCG,G,2
GCGG,G,1
GCAG,C,1
AGCG,G,1
CGCT,T,1
CGAT,C,1
CGCG,C,1
ACGA,T,1
TACC,G,1
AGCG,C,2
CGTT,C,2
CATG,A,1
AATC,G,2
GACG,G,2
CGAC,G,1
CGTA,C,2
CCGT,T,2
CTCC,T,1
CCGG,T,1
GCGC,G,1
GCGT,T,2
CCGC,T,1
TTCG,T,2
GACG,C,2
CACG,A,1
AACG,C,1
TCGC,T,2
ACGA,G,1
CGGC,G,1
ACCC,C,1
GGGC,C,1
CCCC,A,2
ACCG,A,1
ATTC,G,1
CGGC,A,1
CGCA,G,2
GGCG,G,2
AGTC,G,1
GCTC,T,1
CCTC,G,1
TCGC,G,1
CGGG,A,1
TCCC,A,1
AGCC,C,1
